id;image;image_content_type;uploaded_date;title;user_profile_id
1;../fake-data/blob/hipster.png;image/png;2020-05-25T21:59:36;AI payment Mauritius Rupee;1
2;../fake-data/blob/hipster.png;image/png;2020-05-25T00:22:08;Legacy bandwidth;2
3;../fake-data/blob/hipster.png;image/png;2020-05-25T19:15:00;Agent withdrawal Borders;3
4;../fake-data/blob/hipster.png;image/png;2020-05-24T23:39:31;Sleek Steel Tuna Investor Intelligent;4
5;../fake-data/blob/hipster.png;image/png;2020-05-25T18:47:57;generate;5
6;../fake-data/blob/hipster.png;image/png;2020-05-25T17:41:01;Specialist Indonesia Louisiana;6
7;../fake-data/blob/hipster.png;image/png;2020-05-25T05:33:12;Refined Corporate;7
8;../fake-data/blob/hipster.png;image/png;2020-05-25T20:49:10;Handcrafted Tuna Rustic;8
9;../fake-data/blob/hipster.png;image/png;2020-05-25T00:45:40;white Unbranded Concrete Towels artificial intelligence;9
10;../fake-data/blob/hipster.png;image/png;2020-05-25T12:35:01;extend Handmade;10
